Name, Rating, Discomfort, Comfort, InterDis, AbductionDis, HyperDis, RandomHandThumbIP, RandomHandThumbMP, RandomHandThumbTMCx, RandomHandThumbTMCy, RandomHandThumbTMCz, RandomHandThumbTMCw, RandomHandindexDIP, RandomHandindexPIP, RandomHandindexMCPx, RandomHandindexMCPy, RandomHandindexMCPz, RandomHandindexMCPw, RandomHandmiddleDIP, RandomHandmiddlePIP, RandomHandmiddleMCPx, RandomHandmiddleMCPy, RandomHandmiddleMCPz, RandomHandmiddleMCPw, RandomHandringDIP, RandomHandringPIP, RandomHandringMCPx, RandomHandringMCPy, RandomHandringMCPz, RandomHandringMCPw, RandomHandpinkyDIP, RandomHandpinkyPIP, RandomHandpinkyMCPx, RandomHandpinkyMCPy, RandomHandpinkyMCPz, RandomHandpinkyMCPw, RandomHandRotx, RandomHandRoty, RandomHandRotz, RandomHandRotw, RandomHandPosx, RandomHandPosy, RandomHandPosz
Unnamed, 5, 420.2371, 204.5352, 420.2371, 0, 0, 85.07834, 42.53917, -0.3609947, 0.10939, 0.10939, -0.919647, 0.8246518, 1.030815, 0.4158713, 0.01709084, 0.01709084, 0.9091023, 79.92943, 99.91179, 0.5110812, 0, 0, 0.8595325, 4.666424, 5.833031, 0.6574249, -0.007081721, -0.007081721, 0.7534536, 64.00102, 80.00128, 0.2581312, -0.02722622, -0.02722622, 0.9653423, 0, 0, 0, 1, 0, 0, 0
Unnamed, 8, 31.60576, 140.6725, 30.17027, 0, 0.7177429, 25.38451, 12.69226, -0.214404, 0.130208, 0.130208, -0.9592302, 22.91989, 28.64986, 0.4601724, 0.02089823, 0.02089823, 0.8873376, 23.77269, 29.71586, 0.4914441, 0, 0, 0.8709092, 59.1927, 73.99088, -0.006126031, -0.01177232, -0.01177232, 0.9998426, 44.46708, 55.58385, 0.3137175, -0.0335099, -0.0335099, 0.9483331, 0, 0, 0, 1, 0, 0, 0
Unnamed, 7, 180.7023, 159.5096, 89.879, 45.41166, 0, 14.95435, 7.477173, 0.02044631, 0.0655763, 0.0655763, -0.9954805, 74.8517, 93.56463, 0.3654814, 0.1312988, 0.1312988, 0.91211, 36.17583, 45.21978, 0.4958992, 0, 0, 0.8683801, 42.2236, 52.7795, 0.3996459, -0.06530531, -0.06530531, 0.9120053, 26.86654, 33.58318, 0.5805086, -0.1694882, -0.1694882, 0.7781757, 0, 0, 0, 1, 0, 0, 0
Unnamed, 2, 756.3036, 208.6236, 731.1448, 0, 12.57944, 20.94073, 10.47036, -0.1852494, 0.2891646, 0.2891646, -0.8935605, 79.05231, 98.81539, 0.6863786, 0.003508396, 0.003508396, 0.7272276, 4.733944, 5.917431, -0.0277162, 0, 0, 0.9996158, 79.28603, 99.10753, 0.5740169, -0.001975168, -0.001975168, 0.8188388, 10.98811, 13.73514, -0.08191679, -0.007211887, -0.007211887, 0.996587, 0, 0, 0, 1, 0, 0, 0
Unnamed, 5, 605.5121, 176.4501, 437.94, 66.56162, 17.22446, 10.86056, 5.430278, -0.2738694, 0.0715964, 0.0715964, -0.9564222, 77.71117, 97.13895, 0.6026468, 0.1930376, 0.1930376, 0.7498599, 5.061427, 6.326784, 0.1241426, 0, 0, 0.9922644, 70.51053, 88.13816, 0.03100398, -0.1246073, -0.1246073, 0.9838622, 35.37233, 44.21541, -0.03251585, -0.3460069, -0.3460069, 0.8714937, 0, 0, 0, 1, 0, 0, 0
Unnamed, 6, 214.688, 126.6635, 194.226, 10.23098, 0, 6.411027, 3.205514, -0.1867411, -0.02741078, -0.02741078, -0.9816441, 57.61354, 72.01692, 0.4543987, 0.09051593, 0.09051593, 0.8815529, 16.62763, 20.78454, 0.4043733, 0, 0, 0.914594, 34.59473, 43.24342, 0.4924161, -0.04444978, -0.04444978, 0.8680869, 22.5346, 28.16825, 0.363661, -0.1407742, -0.1407742, 0.9100088, 0, 0, 0, 1, 0, 0, 0
Unnamed, 6, 540.0579, 178.0912, 335.893, 102.0824, 0, 69.64897, 34.82449, 0.06514414, 0.05147241, 0.05147241, -0.9952173, 13.66195, 17.07744, 0.2578104, 0.2247513, 0.2247513, 0.9124185, 61.03453, 76.29316, 0.330914, 0, 0, 0.9436609, 69.76782, 87.20977, 0.5870553, -0.09682209, -0.09682209, 0.7978829, 5.277625, 6.597031, 0.6356402, -0.2578776, -0.2578776, 0.6804116, 0, 0, 0, 1, 0, 0, 0
Unnamed, 3, 236.5053, 107.0409, 230.0096, 0, 3.247864, 31.24425, 15.62213, -0.1619165, 0.04309815, 0.04309815, -0.9849204, 37.8567, 47.32087, -0.006567705, 0.04004038, 0.04004038, 0.9983739, 10.8293, 13.53662, 0.1039114, 0, 0, 0.9945866, 1.626969, 2.033711, -0.0197876, -0.02003277, -0.02003277, 0.9994028, 51.00767, 63.75958, 0.2947917, -0.05731626, -0.05731626, 0.9521174, 0, 0, 0, 1, 0, 0, 0
Unnamed, 8, 127.2039, 148.6131, 127.2039, 0, 0, 53.34328, 26.67164, -0.2222178, 0.3426456, 0.3426456, -0.846054, 17.03036, 21.28794, 0.3369605, 0.01236198, 0.01236198, 0.9413565, 5.482378, 6.852973, 0.2637228, 0, 0, 0.9645985, 24.69603, 30.87004, 0.08699942, -0.00654059, -0.00654059, 0.9961655, 34.42789, 43.03486, 0.4848445, -0.01722256, -0.01722256, 0.8742611, 0, 0, 0, 1, 0, 0, 0
Unnamed, 8, 458.747, 175.1061, 360.9607, 48.89316, 0, 61.64829, 30.82415, 0.006136216, 0.1948369, 0.1948369, -0.9612697, 72.9995, 91.24937, 0.5209129, 0.1334942, 0.1334942, 0.8324713, 1.767702, 2.209628, 0.1413882, 0, 0, 0.9899542, 10.44108, 13.05134, 0.2029595, -0.07752185, -0.07752185, 0.9730304, 60.46962, 75.58702, 0.4723674, -0.2026549, -0.2026549, 0.8335053, 0, 0, 0, 1, 0, 0, 0
Unnamed, 0, 554.0356, 217.8003, 345.8525, 98.96338, 5.128174, 74.41653, 37.20826, -0.1101027, 0.422334, 0.422334, -0.7944466, 33.09903, 41.37378, 0.5814685, 0.1247541, 0.1247541, 0.7942086, 50.71974, 63.39968, 0.4222923, 0, 0, 0.9064597, 21.26452, 26.58065, -0.03894566, -0.07753108, -0.07753108, 0.9932075, 78.94925, 98.68656, 0.6861171, -0.1641343, -0.1641343, 0.6894658, 0, 0, 0, 1, 0, 0, 0
Unnamed, 10, 14.13739, 107.9323, 14.13739, 0, 0, 6.486623, 3.243311, -0.2577218, 0.1095905, 0.1095905, -0.9537082, 32.20263, 40.25329, 0.2336958, 0.06948711, 0.06948711, 0.9673311, 34.37727, 42.97159, 0.1719301, 0, 0, 0.9851092, 31.72926, 39.66157, 0.3271986, -0.0338527, -0.0338527, 0.9437421, 31.05964, 38.82455, 0.3517459, -0.0999238, -0.0999238, 0.9253677, 0, 0, 0, 1, 0, 0, 0
Unnamed, 0, 873.4626, 189.551, 624.8489, 124.3069, 0, 0.3976, 0.1988, -0.2086799, 0.2558444, 0.2558444, -0.9085923, 64.4653, 80.58163, 0.5786174, 0.156233, 0.156233, 0.7851016, 2.836657, 3.545821, 0.05788236, 0, 0, 0.9983234, 69.18085, 86.47607, 0.6997438, -0.06971749, -0.06971749, 0.7075575, 1.312513, 1.640642, 0.2666555, -0.2687827, -0.2687827, 0.8856674, 0, 0, 0, 1, 0, 0, 0
pewl, 2, 355.9915, 177.3805, 349.8995, 0, 3.045959, 29.33991, 14.66996, -0.1462815, -0.043933, -0.043933, -0.98729, 79.16237, 98.95296, 0.09948694, 0.02800862, 0.02800862, 0.9942502, 3.831873, 4.789842, 0.6437895, 0, 0, 0.7652027, 16.98101, 21.22627, -0.02638496, -0.01407481, -0.01407481, 0.9994537, 78.16787, 97.70983, 0.4643587, -0.03736949, -0.03736949, 0.8840691, 0, 0, 0, 1, 0, 0, 0
pewl, 1, 566.7715, 235.7996, 317.0748, 124.8484, 0, 74.00366, 37.00183, -0.03619489, 0.3600681, 0.3600681, -0.8598791, 68.40966, 85.51208, 0.6597545, 0.1376894, 0.1376894, 0.7258149, 77.8396, 97.29951, 0.5200938, 0, 0, 0.8541092, 22.73923, 28.42404, 0.1486375, -0.09215793, -0.09215793, 0.9802657, 61.75057, 77.18822, 0.6731275, -0.19776, -0.19776, 0.684603, 0, 0, 0, 1, 0, 0, 0
pewl, 5, 335.4356, 198.7174, 129.6709, 102.8824, 0, 77.56675, 38.78337, -0.4044183, 0.1514888, 0.1514888, -0.8891277, 43.73845, 54.67306, 0.6576436, 0.1345156, 0.1345156, 0.7289143, 50.59814, 63.24767, 0.6256419, 0, 0, 0.7801104, 52.29461, 65.36826, 0.6329815, -0.07024961, -0.07024961, 0.7677659, 27.50803, 34.38504, 0.3220059, -0.2470618, -0.2470618, 0.8799052, 0, 0, 0, 1, 0, 0, 0
pewl, 6, 19.2906, 83.66527, 8.857193, 4.238892, 0.9778137, 23.39512, 11.69756, -0.1991493, 0.0155266, 0.0155266, -0.9797232, 26.67505, 33.34382, 0.07347047, 0.121726, 0.121726, 0.9823277, 31.78781, 39.73476, -0.00853313, 0, 0, 0.9999636, 15.34864, 19.1858, 0.3160189, -0.05833704, -0.05833704, 0.9451591, 23.05701, 28.82127, 0.161257, -0.1784801, -0.1784801, 0.9540891, 0, 0, 0, 1, 0, 0, 0
pewl, 4, 601.3003, 216.8769, 461.85, 69.72516, 0, 72.0449, 36.02245, -0.1463281, 0.4053732, 0.4053732, -0.8061844, 77.35585, 96.69482, 0.7042956, 0.05970022, 0.05970022, 0.7048684, 7.389307, 9.236634, 0.2685915, 0, 0, 0.9632542, 72.25676, 90.32095, 0.1697879, -0.04158479, -0.04158479, 0.9837243, 14.90719, 18.63399, 0.2553487, -0.1212487, -0.1212487, 0.9515222, 0, 0, 0, 1, 0, 0, 0
neeko, 3, 340.3076, 121.3453, 255.8523, 39.07262, 3.154999, 8.434904, 4.217452, -0.3142832, 0.1609914, 0.1609914, -0.9216234, 37.04966, 46.31208, 0.2920889, 0.209171, 0.209171, 0.9094939, 10.77675, 13.47094, -0.02752922, 0, 0, 0.999621, 29.06148, 36.32685, 0.3706471, -0.1040938, -0.1040938, 0.9170331, 5.276967, 6.596209, 0.2364234, -0.3066728, -0.3066728, 0.869487, 0, 0, 0, 1, 0, 0, 0
Unnamed, 5, 734.8749, 167.9331, 433.2755, 142.3604, 8.439331, 56.26641, 28.13321, 0.03251348, 0.1093194, 0.1093194, -0.9874418, 14.87001, 18.58751, 0.6069626, 0.1627874, 0.1627874, 0.7606557, 23.07678, 28.84598, -0.07358076, 0, 0, 0.9972893, 70.86684, 88.58354, 0.694079, -0.07533149, -0.07533149, 0.7119724, 5.968581, 7.460726, 0.4344708, -0.2674755, -0.2674755, 0.8174037, 0, 0, 0, 1, 0, 0, 0
Unnamed, 5, 487.4933, 210.9926, 366.937, 56.29524, 3.98291, 80.18783, 40.09391, -0.2504539, 0.2809518, 0.2809518, -0.8828392, 49.73545, 62.16932, 0.5056683, 0.1669728, 0.1669728, 0.829783, 11.11796, 13.89744, -0.03475066, 0, 0, 0.999396, 79.3297, 99.16212, 0.4157987, -0.08970877, -0.08970877, 0.9005644, 76.56074, 95.70092, 0.4079829, -0.2570962, -0.2570962, 0.8374683, 0, 0, 0, 1, 0, 0, 0
Unnamed, 5, 503.0373, 173.3421, 392.8473, 50.68347, 4.41153, 50.25631, 25.12815, -0.0848782, 0.364975, 0.364975, -0.8522806, 6.67862, 8.348275, 0.3380028, 0.2034885, 0.2034885, 0.8960687, 58.79055, 73.4882, 0.3060188, 0, 0, 0.9520255, 14.1219, 17.65237, -0.02654304, -0.1106955, -0.1106955, 0.9873138, 56.64573, 70.80717, 0.412659, -0.2844569, -0.2844569, 0.8172399, 0, 0, 0, 1, 0, 0, 0
Unnamed, 5, 147.5331, 149.6504, 117.5925, 10.82419, 4.146118, 17.03443, 8.517217, -0.1128397, 0.3844901, 0.3844901, -0.8316261, 27.47796, 34.34745, -0.03261924, 0.06056742, 0.06056742, 0.9957908, 34.53767, 43.17209, 0.2555729, 0, 0, 0.9667898, 32.9191, 41.14887, 0.2041736, -0.02971619, -0.02971619, 0.9780323, 39.73263, 49.66579, 0.566811, -0.07465912, -0.07465912, 0.8170542, 0, 0, 0, 1, 0, 0, 0
Unnamed, 5, 55.95307, 114.4293, 55.95307, 0, 0, 29.8785, 14.93925, -0.07644165, -0.03161993, -0.03161993, -0.9960708, 39.75863, 49.69829, 0.2029216, 0.09935273, 0.09935273, 0.9690619, 46.02121, 57.52651, 0.0291861, 0, 0, 0.999574, 39.7382, 49.67275, 0.4417535, -0.04574965, -0.04574965, 0.8948004, 51.99855, 64.99819, 0.08738264, -0.150327, -0.150327, 0.9732255, 0, 0, 0, 1, 0, 0, 0
Unnamed, 5, 90.46172, 126.1725, 69.77954, 10.34109, 0, 9.627114, 4.813557, 0.03516937, 0.1761487, 0.1761487, -0.967836, 10.86066, 13.57583, 0.6144127, 0.0501549, 0.0501549, 0.7857901, 38.5816, 48.22701, 0.117821, 0, 0, 0.9930348, 31.95436, 39.94295, 0.02046346, -0.03184221, -0.03184221, 0.998776, 32.79993, 40.99991, 0.3708728, -0.0882562, -0.0882562, 0.9202582, 0, 0, 0, 1, 0, 0, 0
Unnamed, 5, 93.61228, 135.7839, 79.78013, 0, 6.916077, 69.89582, 34.94791, -0.215211, -0.09399518, -0.09399518, -0.9674782, 6.934224, 8.66778, 0.1577072, 0.06560964, 0.06560964, 0.9831171, 0.3234005, 0.4042507, 0.6155297, 0, 0, 0.7881137, 0.2948952, 0.368619, 0.6091378, -0.0264044, -0.0264044, 0.7921848, 21.06861, 26.33577, -0.05094391, -0.09916784, -0.09916784, 0.9888055, 0, 0, 0, 1, 0, 0, 0
Unnamed, 5, 254.8218, 186.6318, 240.9369, 6.942427, 0, 81.37534, 40.68767, -0.2685751, 0.2420793, 0.2420793, -0.9003681, 38.6907, 48.36338, 0.4202954, 0.109789, 0.109789, 0.8940048, 51.76701, 64.70876, 0.4408656, 0, 0, 0.8975731, 72.21081, 90.26351, 0.2521034, -0.058977, -0.058977, 0.9640992, 0.9195996, 1.1495, 0.08266331, -0.1786986, -0.1786986, 0.9640023, 0, 0, 0, 1, 0, 0, 0
Unnamed, 5, 344.0483, 175.8482, 186.6886, 73.22845, 5.451385, 49.23943, 24.61971, -0.236854, 0.2511206, 0.2511206, -0.9043103, 10.63929, 13.29911, -0.02917793, 0.1374476, 0.1374476, 0.9804922, 9.828826, 12.28603, 0.5704526, 0, 0, 0.8213305, 37.28768, 46.6096, 0.597882, -0.05564057, -0.05564057, 0.7977126, 62.11537, 77.64422, 0.6754644, -0.1497455, -0.1497455, 0.7063289, 0, 0, 0, 1, 0, 0, 0
Unnamed, 5, 587.9417, 191.8478, 340.7253, 123.6082, 0, 89.28033, 44.64017, -0.08854783, 0.1955258, 0.1955258, -0.9569215, 6.887007, 8.608759, 0.1301297, 0.2402611, 0.2402611, 0.9314588, 1.547423, 1.934278, 0.4797445, 0, 0, 0.8774083, 71.7123, 89.64037, 0.6637802, -0.09341502, -0.09341502, 0.7361679, 27.55214, 34.44017, 0.6230941, -0.271201, -0.271201, 0.6816552, 0, 0, 0, 1, 0, 0, 0
Unnamed, 5, 200.9349, 203.2112, 129.5171, 35.70889, 0, 25.01134, 12.50567, -0.1144995, 0.3212126, 0.3212126, -0.8834788, 51.22239, 64.02798, 0.427332, 0.05246399, 0.05246399, 0.9010452, 63.09043, 78.86304, 0.4156344, 0, 0, 0.9095318, 53.88061, 67.35076, 0.3624642, -0.02708725, -0.02708725, 0.9312101, 72.21894, 90.27368, 0.6581011, -0.06535474, -0.06535474, 0.7472352, 0, 0, 0, 1, 0, 0, 0
Unnamed, 5, 496.0095, 191.3106, 272.7226, 111.6434, 0, 66.10703, 33.05351, 0.02817712, 0.1962574, 0.1962574, -0.9602979, 3.143788, 3.929735, 0.6809895, 0.1661425, 0.1661425, 0.6935753, 58.29161, 72.86452, 0.5798352, 0, 0, 0.8147337, 26.97087, 33.71359, 0.4883385, -0.101654, -0.101654, 0.8607313, 63.20523, 79.00654, 0.3972551, -0.2996132, -0.2996132, 0.8140345, 0, 0, 0, 1, 0, 0, 0
Unnamed, 5, 140.3768, 141.4429, 84.64316, 27.86681, 0, 62.74436, 31.37218, -0.2948031, -0.02604346, -0.02604346, -0.954848, 34.70944, 43.3868, 0.1277226, 0.1991804, 0.1991804, 0.9509686, 34.30256, 42.87819, 0.3280124, 0, 0, 0.9446734, 31.81321, 39.76651, 0.4045594, -0.09374347, -0.09374347, 0.9048514, 69.49814, 86.87267, 0.2444033, -0.2826911, -0.2826911, 0.8834244, 0, 0, 0, 1, 0, 0, 0
Unnamed, 5, 423.552, 180.4475, 158.8072, 132.3724, 0, 44.22715, 22.11358, -0.06740798, 0.3807189, 0.3807189, -0.8399777, 32.42699, 40.53374, 0.05138144, 0.1344862, 0.1344862, 0.9804014, 27.26274, 34.07842, 0.4894685, 0, 0, 0.872021, 36.51208, 45.64011, 0.7005872, -0.04848811, -0.04848811, 0.7102644, 11.83705, 14.79632, 0.6872884, -0.1445522, -0.1445522, 0.6970252, 0, 0, 0, 1, 0, 0, 0
Unnamed, 5, 187.6105, 146.2922, 90.69678, 45.58536, 2.871521, 31.17942, 15.58971, -0.3304843, 0.09351628, 0.09351628, -0.9344996, 10.87507, 13.59384, 0.2901576, 0.04705704, 0.04705704, 0.9546622, 50.85725, 63.57157, -0.02505635, 0, 0, 0.9996861, 60.20801, 75.26001, 0.110883, -0.02446423, -0.02446423, 0.9932311, 30.27506, 37.84383, 0.6801233, -0.05396371, -0.05396371, 0.7291147, 0, 0, 0, 1, 0, 0, 0
Unnamed, 5, 418.8503, 169.9391, 317.7309, 50.55974, 0, 52.87748, 26.43874, -0.01822523, 0.1166464, 0.1166464, -0.9861314, 28.45776, 35.5722, 0.2473386, 0.163126, 0.163126, 0.9410651, 66.1726, 82.71575, 0.6815195, 0, 0, 0.7318, 10.01828, 12.52285, 0.5076849, -0.07357556, -0.07357556, 0.8552364, 5.121451, 6.401814, 0.5619842, -0.2040963, -0.2040963, 0.7751537, 0, 0, 0, 1, 0, 0, 0
Unnamed, 5, 597.4171, 236.8011, 355.8021, 120.8075, 0, 10.4271, 5.21355, -0.4074627, 0.2153753, 0.2153753, -0.8609304, 79.82131, 99.77663, 0.6440115, 0.1425727, 0.1425727, 0.7379671, 11.63202, 14.54003, 0.5138215, 0, 0, 0.8578971, 79.82067, 99.77584, 0.6424055, -0.07268845, -0.07268845, 0.7594393, 79.24595, 99.05743, 0.5030147, -0.2348656, -0.2348656, 0.797905, 0, 0, 0, 1, 0, 0, 0
Unnamed, 5, 96.96182, 141.17, 96.96182, 0, 0, 73.42052, 36.71026, -0.1611295, -0.01717854, -0.01717854, -0.9866342, 49.93925, 62.42407, 0.3507719, 0.03114713, 0.03114713, 0.9354244, 28.06473, 35.08091, 0.6050895, 0, 0, 0.7961574, 10.46333, 13.07917, 0.2869557, -0.01593965, -0.01593965, 0.9576786, 12.21676, 15.27095, 0.2616133, -0.04810882, -0.04810882, 0.9627718, 0, 0, 0, 1, 0, 0, 0
letseee, 4, 108.479, 110.2769, 108.479, 0, 0, 44.22105, 22.11053, -0.1838486, 0.08073013, 0.08073013, -0.9763017, 20.44427, 25.55534, 0.3505102, 0.06963413, 0.06963413, 0.9313672, 23.10206, 28.87757, 0.3658925, 0, 0, 0.9306571, 44.30039, 55.37549, 0.2331815, -0.03625108, -0.03625108, 0.9710809, 20.38243, 25.47803, 0.1228014, -0.1101756, -0.1101756, 0.9801238, 0, 0, 0, 1, 0, 0, 0
letseee, 4, 36.77295, 118.9656, 32.70892, 2.032013, 0, 41.47716, 20.73858, 0.08359271, 0.05391574, 0.05391574, -0.9935786, 0.1494026, 0.1867533, 0.3535256, 0.07144582, 0.07144582, 0.929952, 3.501559, 4.376948, 0.4697398, 0, 0, 0.8828049, 2.867613, 3.584517, 0.4611249, -0.03398573, -0.03398573, 0.8860326, 10.77181, 13.46476, 0.3899203, -0.1049891, -0.1049891, 0.9087996, 0, 0, 0, 1, 0, 0, 0
letseee, 2, 52.74879, 140.8426, 52.74879, 0, 0, 74.40527, 37.20264, -0.2844403, 0.2086605, 0.2086605, -0.9121487, 21.74345, 27.17932, 0.3143804, 0.04665041, 0.04665041, 0.9470019, 34.32043, 42.90054, 0.2781044, 0, 0, 0.9605509, 37.66046, 47.07558, 0.0007791518, -0.02460075, -0.02460075, 0.9993944, 32.85495, 41.06869, 0.1320656, -0.07292077, -0.07292077, 0.985862, 0, 0, 0, 1, 0, 0, 0
letseee, 5, 350.9875, 177.1717, 254.2792, 48.35412, 0, 80.08289, 40.04144, 0.1116852, 0.08853029, 0.08853029, -0.9858252, 52.36685, 65.45856, 0.3936203, 0.1915505, 0.1915505, 0.8784531, 79.79309, 99.74136, 0.2624556, 0, 0, 0.9649441, 5.357495, 6.696869, 0.3240346, -0.1007833, -0.1007833, 0.9352471, 25.98468, 32.48085, 0.3703372, -0.2802946, -0.2802946, 0.8400716, 0, 0, 0, 1, 0, 0, 0
letseee, 2, 587.3063, 214.523, 350.8448, 109.0789, 9.151764, 1.023413, 0.5117065, -0.1479012, 0.397097, 0.397097, -0.8140966, 6.668578, 8.335722, -0.06401002, 0.1293384, 0.1293384, 0.9810433, 69.04517, 86.30647, 0.5661248, 0, 0, 0.8243195, 74.70109, 93.37637, 0.6960763, -0.04692201, -0.04692201, 0.7148948, 35.366, 44.20751, 0.6368996, -0.1478164, -0.1478164, 0.7420644, 0, 0, 0, 1, 0, 0, 0
Unnamed, 3, 471.6736, 167.3543, 449.9035, 7.857161, 3.027893, 11.21711, 5.608553, 0.1321395, 0.0919531, 0.0919531, -0.9826639, 23.94139, 29.92673, 0.4687226, 0.1054337, 0.1054337, 0.8706703, 76.32617, 95.40771, 0.6618992, 0, 0, 0.7495928, 13.36517, 16.70647, 0.09502839, -0.05983672, -0.05983672, 0.9918714, 58.28926, 72.86157, 0.005057755, -0.1769404, -0.1769404, 0.9681728, 0, 0, 0, 1, 0, 0, 0
Unnamed, 2, 314.9905, 191.6173, 125.381, 86.28596, 8.518799, 80.89554, 40.44777, -0.06121153, 0.01200423, 0.01200423, -0.9979805, 56.47834, 70.59793, 0.3517092, 0.1926028, 0.1926028, 0.8956054, 51.14996, 63.93744, 0.6213943, 0, 0, 0.783498, 19.79979, 24.74973, 0.6852849, -0.07656339, -0.07656339, 0.720181, 68.66202, 85.82751, 0.01636452, -0.2981663, -0.2981663, 0.9066014, 0, 0, 0, 1, 0, 0, 0
Unnamed, 6, 55.79559, 106.7935, 42.93687, 6.429358, 0, 55.1548, 27.5774, -0.2095431, -0.09216353, -0.09216353, -0.9690735, 11.62004, 14.52505, 0.5805209, 0.05708838, 0.05708838, 0.8102329, 21.85143, 27.31429, 0.2443762, 0, 0, 0.9696805, 16.5965, 20.74563, 0.3192305, -0.03330376, -0.03330376, 0.9465061, 28.6649, 35.83112, 0.2899351, -0.1002406, -0.1002406, 0.946489, 0, 0, 0, 1, 0, 0, 0
Unnamed, 4, 240.7904, 153.5886, 160.6517, 30.58248, 9.486847, 50.72684, 25.36342, 0.1250384, 0.1797841, 0.1797841, -0.9590207, 17.25418, 21.56773, 0.173194, 0.2329281, 0.2329281, 0.9281664, 48.48161, 60.60202, 0.1741819, 0, 0, 0.9847135, 42.52626, 53.15783, 0.0657253, -0.1214543, -0.1214543, 0.9829435, 73.67982, 92.09978, 0.03700793, -0.338913, -0.338913, 0.8768731, 0, 0, 0, 1, 0, 0, 0
Unnamed, 5, 311.1784, 157.5794, 311.1784, 0, 0, 40.91849, 20.45924, -0.2389895, 0.096783, 0.096783, -0.9613273, 10.37673, 12.97091, 0.3828633, 0.01837259, 0.01837259, 0.9234396, 45.25606, 56.57007, 0.4270561, 0, 0, 0.9042252, 75.11306, 93.89132, 0.5369527, -0.008390519, -0.008390519, 0.8435289, 23.51027, 29.38783, 0.3059705, -0.02839185, -0.02839185, 0.9511939, 0, 0, 0, 1, 0, 0, 0
Unnamed, 5, 145.2866, 140.962, 129.4607, 7.912933, 0, 67.94333, 33.97166, -0.1826764, 0.1860925, 0.1860925, -0.9472954, 21.05523, 26.31904, 0.1094633, 0.1230928, 0.1230928, 0.9786288, 50.91622, 63.64528, 0.1616427, 0, 0, 0.9868494, 41.2851, 51.60638, 0.1208304, -0.06194209, -0.06194209, 0.9888005, 48.11173, 60.13966, 0.2636394, -0.1769311, -0.1769311, 0.9316035, 0, 0, 0, 1, 0, 0, 0
Unnamed, 5, 660.9048, 184.3195, 403.3047, 116.5404, 12.2597, 23.38746, 11.69373, -0.01502047, 0.1306476, 0.1306476, -0.9826682, 64.318, 80.3975, 0.6679088, 0.09192109, 0.09192109, 0.7328022, 10.61139, 13.26424, -0.03646399, 0, 0, 0.999335, 55.62015, 69.52518, -0.06683344, -0.06209255, -0.06209255, 0.9938926, 69.16137, 86.45171, 0.6850079, -0.1332836, -0.1332836, 0.7037295, 0, 0, 0, 1, 0, 0, 0
Unnamed, 2, 208.8088, 168.767, 137.9252, 35.4418, 0, 64.30328, 32.15164, -0.1914731, 0.1890724, 0.1890724, -0.9443735, 17.04374, 21.30467, 0.1675441, 0.2156694, 0.2156694, 0.937498, 9.684163, 12.1052, 0.6724218, 0, 0, 0.7401682, 42.70371, 53.37964, 0.04155302, -0.1120082, -0.1120082, 0.9864997, 70.25928, 87.8241, 0.2776261, -0.3032812, -0.3032812, 0.8596306, 0, 0, 0, 1, 0, 0, 0
Unnamed, 3, 229.7772, 136.9332, 208.1452, 10.81598, 0, 30.23088, 15.11544, 0.01959888, 0.08324648, 0.08324648, -0.9928524, 58.24381, 72.80476, 0.2613899, 0.09570195, 0.09570195, 0.9556975, 3.158455, 3.948069, 0.480475, 0, 0, 0.8770084, 53.18651, 66.48313, 0.1628825, -0.04915483, -0.04915483, 0.9841936, 23.00846, 28.76058, 0.4352046, -0.1328152, -0.1328152, 0.8805211, 0, 0, 0, 1, 0, 0, 0
Unnamed, 4, 81.82224, 138.3463, 81.82224, 0, 0, 60.7655, 30.38275, -0.2084372, 0.03638622, 0.03638622, -0.9766811, 12.9967, 16.24588, 0.525692, 0.005699055, 0.005699055, 0.8506368, 8.744126, 10.93016, 0.6130182, 0, 0, 0.7900689, 24.34772, 30.43465, 0.3965338, -0.003075185, -0.003075185, 0.9180099, 3.736372, 4.670465, 0.1747915, -0.009894103, -0.009894103, 0.9845061, 0, 0, 0, 1, 0, 0, 0
Unnamed, 5, 366.6633, 191.018, 218.4596, 64.20957, 9.892303, 69.12091, 34.56046, -0.0423309, 0.2494949, 0.2494949, -0.934726, 77.59583, 96.99478, -0.04158065, 0.2152417, 0.2152417, 0.9516371, 25.42301, 31.77877, 0.1447504, 0, 0, 0.9894682, 34.6901, 43.36263, 0.09871851, -0.1097735, -0.1097735, 0.9829314, 67.67848, 84.5981, 0.6231889, -0.2434074, -0.2434074, 0.7022402, 0, 0, 0, 1, 0, 0, 0
Unnamed, 5, 175.3802, 134.4169, 128.5813, 23.39948, 0, 10.75473, 5.377363, -0.009327629, 0.09267867, 0.09267867, -0.9913296, 19.12605, 23.90756, 0.5592292, 0.006022803, 0.006022803, 0.8289694, 8.569356, 10.7117, 0.4505207, 0, 0, 0.892766, 24.41971, 30.52464, 0.1267638, -0.003603305, -0.003603305, 0.9919199, 30.40694, 38.00867, 0.6987725, -0.007795144, -0.007795144, 0.715259, 0, 0, 0, 1, 0, 0, 0
Unnamed, 5, 387.6121, 167.7861, 387.6121, 0, 0, 88.42204, 44.21102, -0.101601, 0.2357669, 0.2357669, -0.9372861, 32.75266, 40.94083, 0.01787357, 0.05413835, 0.05413835, 0.9969046, 49.22021, 61.52527, 0.5647585, 0, 0, 0.8252562, 5.018311, 6.272889, 0.005430823, -0.02711288, -0.02711288, 0.9992499, 44.29322, 55.36652, 0.2502697, -0.07844423, -0.07844423, 0.9617994, 0, 0, 0, 1, 0, 0, 0
Unnamed, 5, 660.2298, 203.2421, 604.3177, 27.95606, 0, 86.28152, 43.14076, -0.1077226, 0.2802549, 0.2802549, -0.9117622, 12.14516, 15.18145, 0.3030902, 0.1365734, 0.1365734, 0.9331837, 72.52046, 90.65058, 0.6880482, 0, 0, 0.725665, 3.276997, 4.096246, 0.02209858, -0.0723881, -0.0723881, 0.9945007, 60.55312, 75.6914, 0.4644014, -0.1871966, -0.1871966, 0.8451309, 0, 0, 0, 1, 0, 0, 0
Unnamed, 5, 490.2639, 196.0251, 344.451, 59.79902, 13.10745, 13.90924, 6.95462, -0.2906849, 0.3067867, 0.3067867, -0.8527989, 60.64996, 75.81245, 0.01874183, 0.2194133, 0.2194133, 0.9504548, 9.075957, 11.34495, -0.08393787, 0, 0, 0.996471, 72.14386, 90.17982, 0.4820165, -0.09854785, -0.09854785, 0.8650068, 70.73151, 88.41438, 0.532972, -0.2678959, -0.2678959, 0.7565742, 0, 0, 0, 1, 0, 0, 0
Unnamed, 5, 252.0435, 137.4784, 138.1068, 56.96837, 0, 3.834175, 1.917088, -0.1990225, 0.008108458, 0.008108458, -0.9799278, 39.8305, 49.78812, 0.5051286, 0.1992387, 0.1992387, 0.815753, 68.20786, 85.25983, 0.08296781, 0, 0, 0.9965522, 16.86858, 21.08573, 0.3511756, -0.1110879, -0.1110879, 0.9230356, 19.50272, 24.3784, 0.1849753, -0.3260049, -0.3260049, 0.8678859, 0, 0, 0, 1, 0, 0, 0
Unnamed, 5, 320.4221, 207.3313, 237.6004, 19.35521, 22.05566, 82.78862, 41.39431, -0.2988662, 0.2150699, 0.2150699, -0.9045269, 4.33177, 5.414713, -0.03469663, 0.2006264, 0.2006264, 0.9582767, 78.86071, 98.57589, -0.07849157, 0, 0, 0.9969148, 65.82832, 82.2854, 0.4566627, -0.09115712, -0.09115712, 0.88025, 73.69196, 92.11495, 0.04904879, -0.2910756, -0.2910756, 0.9100243, 0, 0, 0, 1, 0, 0, 0
Unnamed, 5, 132.9581, 154.5418, 80.89148, 26.03329, 0, 15.09631, 7.548155, -0.2351238, 0.263089, 0.263089, -0.8979338, 54.7163, 68.39537, 0.2511382, 0.1093781, 0.1093781, 0.9555116, 9.815722, 12.26965, 0.567026, 0, 0, 0.8237, 35.31613, 44.14516, 0.1027351, -0.05656345, -0.05656345, 0.9914871, 24.19794, 30.24743, 0.5437535, -0.1407585, -0.1407585, 0.8152952, 0, 0, 0, 1, 0, 0, 0
Unnamed, 5, 170.085, 180.7016, 78.19885, 45.94309, 0, 17.25775, 8.628877, -0.1584285, 0.1192784, 0.1192784, -0.9728544, 57.14243, 71.42804, 0.1131406, 0.2453955, 0.2453955, 0.9310002, 52.46579, 65.58224, 0.4809576, 0, 0, 0.8767439, 63.03879, 78.79848, 0.2079506, -0.1246698, -0.1246698, 0.9621182, 74.43805, 93.04756, 0.3487887, -0.3306292, -0.3306292, 0.8122285, 0, 0, 0, 1, 0, 0, 0
Unnamed, 5, 268.3735, 165.1492, 186.4212, 40.97614, 0, 30.33754, 15.16877, -0.1196466, 0.1296982, 0.1296982, -0.9757261, 72.48167, 90.60209, 0.160635, 0.09882521, 0.09882521, 0.9770689, 17.95786, 22.44733, 0.4761131, 0, 0, 0.8793841, 27.03427, 33.79283, 0.3357966, -0.04739412, -0.04739412, 0.9395468, 58.80396, 73.50494, 0.6304878, -0.1156125, -0.1156125, 0.7587837, 0, 0, 0, 1, 0, 0, 0
Unnamed, 5, 116.1485, 146.3729, 39.08466, 38.53191, 0, 57.84969, 28.92484, -0.2234646, 0.003142225, 0.003142225, -0.9747019, 21.4014, 26.75175, 0.3577378, 0.2021349, 0.2021349, 0.888992, 1.640787, 2.050984, 0.6905536, 0, 0, 0.7232812, 45.56923, 56.96153, 0.05981694, -0.1106682, -0.1106682, 0.9858636, 50.39523, 62.99403, 0.1812675, -0.3074365, -0.3074365, 0.8821042, 0, 0, 0, 1, 0, 0, 0
Unnamed, 5, 474.3011, 186.1335, 302.5274, 70.19037, 15.6965, 26.16151, 13.08075, -0.2566689, 0.3005641, 0.3005641, -0.8680113, 42.0843, 52.60537, 0.3447981, 0.204604, 0.204604, 0.8929663, 77.44507, 96.80634, 0.3522138, 0, 0, 0.9359196, 22.44712, 28.0589, 0.6503418, -0.08483626, -0.08483626, 0.7501075, 7.701598, 9.626998, -0.04072364, -0.3143741, -0.3143741, 0.894807, 0, 0, 0, 1, 0, 0, 0
Unnamed, 5, 271.6781, 155.588, 227.2134, 22.23235, 0, 66.80343, 33.40171, -0.3069537, 0.2356433, 0.2356433, -0.8914729, 57.31625, 71.64532, 0.3565548, 0.1613633, 0.1613633, 0.905976, 0.8885575, 1.110697, 0.1204788, 0, 0, 0.9927159, 23.71042, 29.63803, 0.3292446, -0.08278926, -0.08278926, 0.9369578, 39.20347, 49.00433, 0.1175994, -0.251078, -0.251078, 0.9274105, 0, 0, 0, 1, 0, 0, 0
Unnamed, 5, 289.7006, 170.8179, 289.7006, 0, 0, 54.88032, 27.44016, -0.1514165, 0.1937816, 0.1937816, -0.9497212, 18.84501, 23.55626, 0.4522843, 0.04703069, 0.04703069, 0.8893903, 2.106848, 2.63356, 0.03589859, 0, 0, 0.9993554, 71.27071, 89.08838, 0.3393698, -0.02483603, -0.02483603, 0.9399971, 71.43314, 89.29142, 0.4425595, -0.07076702, -0.07076702, 0.8911371, 0, 0, 0, 1, 0, 0, 0
Unnamed, 5, 390.6712, 150.1113, 387.6658, 1.502686, 0, 19.6907, 9.84535, -0.07285047, 0.3351489, 0.3351489, -0.8775212, 36.58834, 45.73542, 0.1929616, 0.110447, 0.110447, 0.9686943, 11.40822, 14.26027, 0.1632091, 0, 0, 0.9865915, 61.34871, 76.68588, 0.5005485, -0.04903505, -0.04903505, 0.8629266, 4.554263, 5.692829, 0.1225281, -0.1658262, -0.1658262, 0.9643601, 0, 0, 0, 1, 0, 0, 0
Unnamed, 5, 288.0439, 116.7984, 231.7123, 28.16579, 0, 35.66766, 17.83383, -0.1135092, 0.1806673, 0.1806673, -0.960122, 6.342555, 7.928194, 0.05393179, 0.2130138, 0.2130138, 0.9520198, 25.1221, 31.40263, 0.1072402, 0, 0, 0.9942331, 43.48409, 54.35511, 0.3788539, -0.1010442, -0.1010442, 0.9143577, 9.973212, 12.46652, 0.212529, -0.3013679, -0.3013679, 0.8793101, 0, 0, 0, 1, 0, 0, 0
Unnamed, 5, 169.9261, 191.285, 169.9261, 0, 0, 76.90469, 38.45235, -0.2187405, 0.3697365, 0.3697365, -0.8238583, 36.34287, 45.42859, 0.1912858, 0.03111958, 0.03111958, 0.9805472, 60.49648, 75.62059, 0.1171966, 0, 0, 0.9931087, 53.14006, 66.42508, 0.6166582, -0.01248587, -0.01248587, 0.787033, 45.94102, 57.42628, 0.1259756, -0.0471392, -0.0471392, 0.9897909, 0, 0, 0, 1, 0, 0, 0
Unnamed, 5, 464.8136, 185.2685, 324.7936, 70.00999, 0, 48.66823, 24.33411, 0.06604965, 0.1095711, 0.1095711, -0.9857108, 61.85534, 77.31917, 0.3578551, 0.19645, 0.19645, 0.8914901, 64.62516, 80.78145, 0.5351056, 0, 0, 0.8447852, 19.89653, 24.87066, 0.1434786, -0.1064932, -0.1064932, 0.9781269, 66.63632, 83.2954, 0.586375, -0.2466238, -0.2466238, 0.7311073, 0, 0, 0, 1, 0, 0, 0
Unnamed, 5, 159.8152, 193.0143, 140.9795, 3.910461, 5.507385, 52.74825, 26.37413, 0.05921162, 0.2656474, 0.2656474, -0.9248551, 62.86626, 78.58282, 0.4324058, 0.1014799, 0.1014799, 0.8901848, 15.15547, 18.94434, 0.5974547, 0, 0, 0.8019028, 48.91299, 61.14124, 0.4446038, -0.05072757, -0.05072757, 0.8928499, 76.20606, 95.25758, -0.02067969, -0.1670246, -0.1670246, 0.9714823, 0, 0, 0, 1, 0, 0, 0
Unnamed, 5, 104.5443, 154.6928, 88.20338, 8.170471, 0, 60.91019, 30.4551, -0.2146222, 0.2197967, 0.2197967, -0.9259137, 43.36029, 54.20037, 0.1905123, 0.08757561, 0.08757561, 0.973841, 24.37031, 30.46289, 0.5007433, 0, 0, 0.8655959, 9.894448, 12.36806, 0.5266072, -0.03807076, -0.03807076, 0.8484021, 40.98665, 51.23331, 0.4369027, -0.1195756, -0.1195756, 0.8834701, 0, 0, 0, 1, 0, 0, 0
Unnamed, 5, 295.8987, 187.337, 186.5839, 54.65741, 0, 75.59507, 37.79753, -0.1164542, 0.06090065, 0.06090065, -0.9894547, 75.9251, 94.90638, 0.6643235, 0.05115646, 0.05115646, 0.7439357, 36.62421, 45.78026, 0.494861, 0, 0, 0.8689721, 33.52325, 41.90406, 0.2810702, -0.03291855, -0.03291855, 0.9585574, 36.2611, 45.32638, 0.6084151, -0.08115859, -0.08115859, 0.7852755, 0, 0, 0, 1, 0, 0, 0
Unnamed, 2, 589.0862, 215.5622, 196.2345, 147.3672, 0, 24.92303, 12.46151, -0.1689498, 0.09406529, 0.09406529, -0.9766061, 78.02802, 97.53501, 0.6717265, 0.1519005, 0.1519005, 0.7089683, 75.30624, 94.1328, 0.3997118, 0, 0, 0.9166409, 59.22104, 74.02629, 0.6556281, -0.07910028, -0.07910028, 0.7467517, 0.4556942, 0.5696178, 0.5276718, -0.2525078, -0.2525078, 0.7707413, 0, 0, 0, 1, 0, 0, 0
Unnamed, 2, 628.7134, 187.8309, 326.1633, 69.73422, 0, 81.50995, 40.75497, -0.3361878, 0.105216, 0.105216, -0.9299661, 44.53407, 55.66758, 0.7051343, 0.04332538, 0.04332538, 0.7064217, 9.107915, 11.38489, 0.03812766, 0, 0, 0.9992729, 67.82445, 84.78056, 0.06722242, -0.03053865, -0.03053865, 0.9968029, 62.67227, 78.34034, 0.4508374, -0.08155568, -0.08155568, 0.8851232, 0, 0, 0, 1, 0, 0, 0
Unnamed, 5, 61.04985, 126.7938, 37.31994, 0, 2.534973, 5.555875, 2.777937, -0.2123606, 0.1508957, 0.1508957, -0.9536058, 39.59191, 49.48989, 0.2164543, 0.04546602, 0.04546602, 0.9741731, 36.38294, 45.47867, 0.1570947, 0, 0, 0.9875836, 40.43769, 50.54712, 0.2042652, -0.02281884, -0.02281884, 0.9783835, 55.98524, 69.98156, -0.01734104, -0.06971865, -0.06971865, 0.9949763, 0, 0, 0, 1, 0, 0, 0
Unnamed, 4, 308.6044, 192.7046, 205.7363, 0, 0, 1.415101, 0.7075507, -0.1550238, 0.227794, 0.227794, -0.9339097, 28.64712, 35.8089, 0.3896376, 0.01343389, 0.01343389, 0.9207723, 78.43768, 98.0471, 0.3418047, 0, 0, 0.939771, 37.09337, 46.36671, 0.6615897, -0.005469617, -0.005469617, 0.7498261, 62.32419, 77.90524, 0.6129898, -0.01728416, -0.01728416, 0.7897126, 0, 0, 0, 1, 0, 0, 0
Unnamed, 3, 141.014, 188.5046, 87.08276, 0, 5.194916, 48.41399, 24.20699, -0.1472525, 0.007327978, 0.007327978, -0.9890447, 75.04663, 93.8083, 0.3312131, 0.0172614, 0.0172614, 0.9432402, 49.35279, 61.69099, 0.410818, 0, 0, 0.9117174, 73.12688, 91.4086, -0.04523888, -0.00913916, -0.00913916, 0.9988926, 59.03801, 73.79751, 0.5423675, -0.02304788, -0.02304788, 0.8395089, 0, 0, 0, 1, 0, 0, 0
Unnamed, 2, 574.7329, 202.3035, 218.7903, 68.57616, 0, 39.36279, 19.68139, -0.04225101, 0.1226657, 0.1226657, -0.9839315, 32.93764, 41.17205, 0.6620601, 0.05961847, 0.05961847, 0.7446931, 62.77263, 78.46578, 0.6987802, 0, 0, 0.7153365, 79.28468, 99.10586, 0.3944192, -0.03666651, -0.03666651, 0.9174665, 7.736417, 9.670522, 0.6288818, -0.09228886, -0.09228886, 0.7664682, 0, 0, 0, 1, 0, 0, 0
Unnamed, 3, 407.691, 169.9269, 122.4612, 81.38429, 0, 73.67725, 36.83863, 0.1075834, 0.1684804, 0.1684804, -0.9652225, 16.25339, 20.31673, 0.4443952, 0.17824, 0.17824, 0.8596359, 11.62891, 14.53614, 0.6866965, 0, 0, 0.7269443, 48.95955, 61.19943, 0.2547524, -0.09816875, -0.09816875, 0.9569885, 8.912145, 11.14018, 0.6333436, -0.2236515, -0.2236515, 0.7062832, 0, 0, 0, 1, 0, 0, 0
Unnamed, 3, 853.9855, 154.776, 550.191, 0, 14.34946, 22.34273, 11.17136, -0.02756936, 0.2427847, 0.2427847, -0.9388031, 12.42192, 15.5274, -0.08642381, 0.05325834, 0.05325834, 0.9934073, 17.29208, 21.6151, 0.2369182, 0, 0, 0.9715296, 74.08703, 92.60879, 0.6373997, -0.02062522, -0.02062522, 0.7699811, 41.89553, 52.36941, -0.02984037, -0.07996152, -0.07996152, 0.9931374, 0, 0, 0, 1, 0, 0, 0
Unnamed, 6, 75.69171, 140.1298, 36.95516, 8.446165, 1.683319, 80.27532, 40.13766, 0.07087521, 0.1942232, 0.1942232, -0.958922, 7.800418, 9.750523, 0.3849088, 0.09776007, 0.09776007, 0.9125411, 24.8692, 31.0865, -0.01468929, 0, 0, 0.9998921, 6.189461, 7.736827, 0.3925663, -0.04898468, -0.04898468, 0.9171112, 0.5547238, 0.6934048, 0.3597951, -0.1468718, -0.1468718, 0.909618, 0, 0, 0, 1, 0, 0, 0
Unnamed, 1, 665.7666, 192.617, 380.4307, 47.56024, 0, 68.38057, 34.19028, -0.1308277, 0.4170175, 0.4170175, -0.7969171, 29.91779, 37.39723, 0.2371235, 0.2042346, 0.2042346, 0.92755, 5.038596, 6.298245, 0.08524606, 0, 0, 0.9963599, 69.27953, 86.59941, 0.5650919, -0.08871146, -0.08871146, 0.8154335, 58.92308, 73.65385, 0.2129156, -0.2972783, -0.2972783, 0.8819967, 0, 0, 0, 1, 0, 0, 0
Unnamed, 8, 40.25065, 114.3381, 26.83377, 0, 0, 74.2765, 37.13825, -0.2261935, 0.08512788, 0.08512788, -0.9666142, 13.20797, 16.50996, 0.2023472, 0.0746439, 0.0746439, 0.9736079, 16.78427, 20.98034, 0.1474519, 0, 0, 0.9890692, 7.235318, 9.044147, 0.2438178, -0.03706805, -0.03706805, 0.9684032, 13.07465, 16.34331, 0.2585713, -0.1099114, -0.1099114, 0.9534044, 0, 0, 0, 1, 0, 0, 0
Unnamed, 8, 130.571, 96.34348, 87.04734, 0, 0, 30.75199, 15.376, -0.1213539, 0.03958498, 0.03958498, -0.9910294, 27.69479, 34.61849, 0.01511587, 0.04408404, 0.04408404, 0.9979402, 30.94644, 38.68305, 0.1679114, 0, 0, 0.9858021, 33.21473, 41.51841, 0.1573911, -0.02179098, -0.02179098, 0.9870554, 43.10184, 53.8773, 0.3452002, -0.061968, -0.061968, 0.9344286, 0, 0, 0, 1, 0, 0, 0
Unnamed, 5, 103.3691, 85.99137, 52.80602, 12.08004, 0, 29.11807, 14.55904, -0.2044784, -0.1466916, -0.1466916, -0.9566357, 14.46962, 18.08703, 0.2151614, 0.1514133, 0.1514133, 0.9528135, 2.98441, 3.730512, 0.5081373, 0, 0, 0.8612761, 9.679786, 12.09973, 0.1965563, -0.07694196, -0.07694196, 0.974436, 19.62515, 24.53144, 0.1473672, -0.2255361, -0.2255361, 0.9362425, 0, 0, 0, 1, 0, 0, 0
Unnamed, 5, 241.9891, 176.2041, 160.0796, 0, 0.934845, 35.73941, 17.86971, -0.2777807, 0.2518875, 0.2518875, -0.8921566, 75.6344, 94.54301, 0.08869584, 0.01727325, 0.01727325, 0.9957592, 27.50729, 34.38411, 0.2831891, 0, 0, 0.9590641, 18.76959, 23.46199, 0.4324359, -0.007819329, -0.007819329, 0.9015969, 67.12309, 83.90386, -0.00748685, -0.02600515, -0.02600515, 0.9992955, 0, 0, 0, 1, 0, 0, 0
Unnamed, 5, 478.8975, 177.5118, 288.6163, 22.98648, 0, 13.43555, 6.717775, 0.03523786, 0.2278506, 0.2278506, -0.9460056, 54.53003, 68.16254, 0.5885155, 0.07812693, 0.07812693, 0.8009007, 51.25838, 64.07298, 0.3348213, 0, 0, 0.9422817, 66.79576, 83.4947, 0.5056172, -0.04188183, -0.04188183, 0.8607224, 2.8757, 3.594625, 0.3759715, -0.1332809, -0.1332809, 0.9072585, 0, 0, 0, 1, 0, 0, 0
Unnamed, 5, 337.9409, 160.5523, 205.2479, 9.850769, 5.183746, 56.10815, 28.05408, 0.07401711, 0.2415558, 0.2415558, -0.9369221, 27.87097, 34.83871, -0.01934315, 0.1623339, 0.1623339, 0.9730988, 17.3543, 21.69287, 0.4479721, 0, 0, 0.8940475, 6.651078, 8.313848, 0.4240411, -0.07451248, -0.07451248, 0.8994915, 77.37146, 96.71433, 0.1101706, -0.2368928, -0.2368928, 0.9357489, 0, 0, 0, 1, 0, 0, 0
Unnamed, 5, 197.771, 158.7083, 116.0134, 11.8754, 0, 32.23914, 16.11957, 0.04833027, 0.2611871, 0.2611871, -0.928023, 23.95157, 29.93946, 0.09550761, 0.0352604, 0.0352604, 0.994179, 59.60542, 74.50677, 0.1198831, 0, 0, 0.992788, 17.43011, 21.78763, 0.6820596, -0.01296025, -0.01296025, 0.7310669, 22.01873, 27.52341, 0.6044543, -0.04228406, -0.04228406, 0.7943923, 0, 0, 0, 1, 0, 0, 0
Unnamed, 5, 447.7191, 148.1093, 196.5806, 76.42414, 0, 39.53218, 19.76609, 0.1031241, 0.1181103, 0.1181103, -0.9805434, 19.07084, 23.83855, 0.2876898, 0.2382333, 0.2382333, 0.8965068, 8.603745, 10.75468, 0.200337, 0, 0, 0.9797271, 45.26955, 56.58694, 0.5818054, -0.1044549, -0.1044549, 0.7998005, 69.31182, 86.63977, 0.3387584, -0.3340744, -0.3340744, 0.8136531, 0, 0, 0, 1, 0, 0, 0
Unnamed, 9, 242.8741, 147.3486, 161.916, 0, 0, 47.29224, 23.64612, -0.1757913, -0.04780317, -0.04780317, -0.9821034, 65.36398, 81.70497, 0.3526337, 0.0437409, 0.0437409, 0.9337146, 34.34105, 42.92632, 0.6863407, 0, 0, 0.7272802, 28.65229, 35.81536, 0.07012998, -0.02333979, -0.02333979, 0.9969916, 29.17169, 36.46461, 0.2980355, -0.06680747, -0.06680747, 0.9498676, 0, 0, 0, 1, 0, 0, 0
Unnamed, 7, 640.7874, 197.1732, 332.2408, 71.21307, 0, 40.61879, 20.30939, -0.005298423, 0.1518836, 0.1518836, -0.9766446, 79.06575, 98.83219, 0.5422738, 0.2030292, 0.2030292, 0.7896186, 26.43666, 33.04583, 0.6637675, 0, 0, 0.747939, 20.12534, 25.15668, 0.0456809, -0.124397, -0.124397, 0.9833433, 75.01743, 93.77179, 0.3241085, -0.3271874, -0.3271874, 0.8251366, 0, 0, 0, 1, 0, 0, 0
Unnamed, 5, 741.0374, 195.1196, 412.1907, 59.09575, 2.279877, 65.17899, 32.58949, -0.2371906, 0.3044676, 0.3044676, -0.870827, 31.44737, 39.30921, 0.226861, 0.1893312, 0.1893312, 0.9363982, 71.44563, 89.30704, 0.125731, 0, 0, 0.9920644, 18.39745, 22.99681, -0.0101725, -0.09909001, -0.09909001, 0.9900803, 74.92661, 93.65827, 0.585326, -0.2292722, -0.2292722, 0.7431434, 0, 0, 0, 1, 0, 0, 0
Unnamed, 5, 768.9412, 197.9167, 508.4387, 3.141571, 0, 82.59499, 41.29749, -0.3990954, 0.1549767, 0.1549767, -0.8903299, 38.76737, 48.45921, 0.2739911, 0.05483212, 0.05483212, 0.9586009, 73.05417, 91.31771, 0.6636069, 0, 0, 0.7480815, 4.293461, 5.366827, 0.223205, -0.02783305, -0.02783305, 0.9739765, 55.0719, 68.83987, 0.5104324, -0.07334243, -0.07334243, 0.8536397, 0, 0, 0, 1, 0, 0, 0
Unnamed, 5, 309.2487, 184.786, 206.1658, 0, 0, 15.8354, 7.917699, -0.2414936, 0.2814136, 0.2814136, -0.8850388, 59.5256, 74.407, 0.5472726, 0.01857324, 0.01857324, 0.8365422, 77.22526, 96.53157, 0.08779012, 0, 0, 0.996139, 50.05455, 62.56818, 0.1525977, -0.01096848, -0.01096848, 0.9881666, 13.41253, 16.76567, 0.0674701, -0.03319772, -0.03319772, 0.9966161, 0, 0, 0, 1, 0, 0, 0
Unnamed, 5, 65.06497, 150.0882, 34.19175, 6.888672, 0, 45.53768, 22.76884, -0.1928229, 0.370032, 0.370032, -0.8300433, 12.78287, 15.97859, 0.1399138, 0.1344373, 0.1344373, 0.9717394, 6.819535, 8.524419, 0.2594942, 0, 0, 0.9657447, 1.410732, 1.763416, 0.5562555, -0.05694228, -0.05694228, 0.8271004, 29.90021, 37.37526, 0.06123141, -0.2002152, -0.2002152, 0.9571199, 0, 0, 0, 1, 0, 0, 0
Unnamed, 5, 298.8804, 115.788, 112.8093, 64.69495, 0.1382446, 2.746507, 1.373254, -0.2476249, 0.1063404, 0.1063404, -0.957113, 30.63614, 38.29518, 0.03460179, 0.1568705, 0.1568705, 0.974467, 16.59151, 20.73939, 0.119962, 0, 0, 0.9927785, 19.58742, 24.48428, 0.005141139, -0.07946788, -0.07946788, 0.9936515, 22.44287, 28.05359, 0.6699532, -0.1713004, -0.1713004, 0.7017658, 0, 0, 0, 1, 0, 0, 0
Unnamed, 5, 528.9308, 202.1976, 230.3812, 91.67955, 0, 10.54969, 5.274844, 0.03903217, 0.2942629, 0.2942629, -0.9084576, 53.51101, 66.88876, 0.6189032, 0.1467467, 0.1467467, 0.7575551, 63.44826, 79.31032, 0.5742297, 0, 0, 0.8186942, 24.24202, 30.30253, 0.4606712, -0.0844007, -0.0844007, 0.8795085, 66.82563, 83.53204, 0.5560335, -0.2263942, -0.2263942, 0.767019, 0, 0, 0, 1, 0, 0, 0
Unnamed, 5, 150.2657, 167.242, 97.7606, 0, 1.812408, 84.26708, 42.13354, -0.1779839, 0.1878842, 0.1878842, -0.9474813, 65.90531, 82.38165, 0.285382, 0.07615913, 0.07615913, 0.9523427, 44.08613, 55.10766, 0.1629795, 0, 0, 0.9866295, 35.43081, 44.28851, 0.3160612, -0.03781478, -0.03781478, 0.9472304, 41.16469, 51.45586, -0.001779547, -0.1185724, -0.1185724, 0.9858388, 0, 0, 0, 1, 0, 0, 0
Unnamed, 5, 544.4023, 215.6816, 287.6513, 48.2872, 8.175476, 77.1282, 38.5641, -0.006187165, 0.3511946, 0.3511946, -0.8679208, 74.00436, 92.50546, 0.006417212, 0.1630951, 0.1630951, 0.9730153, 48.37807, 60.47259, -0.05096099, 0, 0, 0.9987007, 74.60217, 93.25272, 0.5656628, -0.0681628, -0.0681628, 0.8189831, 45.69415, 57.11768, 0.5534794, -0.1993668, -0.1993668, 0.7836876, 0, 0, 0, 1, 0, 0, 0
Unnamed, 5, 461.9509, 153.9885, 307.9673, 0, 0, 79.78135, 39.89067, -0.09537331, 0.01999805, 0.01999805, -0.9950398, 16.22814, 20.28518, 0.0807834, 0.0861214, 0.0861214, 0.9892625, 72.35741, 90.44677, 0.1387234, 0, 0, 0.9903312, 18.20496, 22.7562, 0.3657341, -0.04035985, -0.04035985, 0.9289676, 60.52376, 75.65469, 0.1861527, -0.1265544, -0.1265544, 0.9660824, 0, 0, 0, 1, 0, 0, 0
Unnamed, 5, 453.5211, 187.4482, 273.6166, 21.54813, 0, 89.63496, 44.81748, -0.254949, 0.3201414, 0.3201414, -0.8544121, 52.53512, 65.6689, 0.03883042, 0.1099994, 0.1099994, 0.9870626, 2.328787, 2.910984, 0.3443445, 0, 0, 0.9388434, 13.72789, 17.15987, 0.3633232, -0.05159368, -0.05159368, 0.9288017, 63.33183, 79.16479, 0.5169969, -0.1399349, -0.1399349, 0.8327969, 0, 0, 0, 1, 0, 0, 0
Unnamed, 5, 559.7507, 180.1716, 372.0227, 0.8583374, 0, 46.45828, 23.22914, -0.0354039, 0.2594566, 0.2594566, -0.9295758, 60.5051, 75.63137, 0.3283902, 0.1003574, 0.1003574, 0.9338184, 30.47226, 38.09032, 0.0884731, 0, 0, 0.9960786, 78.22717, 97.78396, 0.5111486, -0.04592056, -0.04592056, 0.8570355, 53.04237, 66.30296, 0.1444491, -0.1562375, -0.1562375, 0.964528, 0, 0, 0, 1, 0, 0, 0
Unnamed, 5, 234.7333, 160.0361, 156.4889, 0, 0, 85.99995, 42.99997, -0.262614, -0.008608167, -0.008608167, -0.9648242, 66.38763, 82.98454, 0.2238434, 0.0648337, 0.0648337, 0.9703027, 59.97652, 74.97066, 0.05317874, 0, 0, 0.998585, 30.72224, 38.4028, 0.3521448, -0.03119946, -0.03119946, 0.9349049, 16.05716, 20.07145, 0.1010448, -0.09890749, -0.09890749, 0.9849998, 0, 0, 0, 1, 0, 0, 0
Unnamed, 5, 551.2515, 154.8051, 241.5193, 80.4414, 14.04483, 19.90949, 9.954746, -0.2915531, 0.04043689, 0.04043689, -0.9548437, 39.20525, 49.00657, -0.06767935, 0.2405467, 0.2405467, 0.9379201, 39.51458, 49.39323, 0.6351223, 0, 0, 0.7724116, 1.86182, 2.327276, 0.4627368, -0.1101287, -0.1101287, 0.8727072, 3.615885, 4.519856, 0.639624, -0.2653116, -0.2653116, 0.6708955, 0, 0, 0, 1, 0, 0, 0
Unnamed, 9, 694.6669, 192.5669, 430.9881, 24.09239, 0, 46.10112, 23.05056, -0.1972506, 0.377626, 0.377626, -0.8221249, 25.56512, 31.9564, 0.08291949, 0.1692292, 0.1692292, 0.967392, 8.297797, 10.37225, 0.6914199, 0, 0, 0.7224531, 73.65668, 92.07084, 0.5886477, -0.06965149, -0.06965149, 0.8023661, 2.019358, 2.524198, 0.07596038, -0.2480651, -0.2480651, 0.9333581, 0, 0, 0, 1, 0, 0, 0
Unnamed, 2, 373.1679, 182.1492, 216.3313, 24.33544, 0, 27.7932, 13.8966, -0.2269195, 0.1382065, 0.1382065, -0.9540994, 77.86666, 97.33332, 0.1722601, 0.1644676, 0.1644676, 0.9571977, 76.70976, 95.88721, 0.4293443, 0, 0, 0.903141, 16.89513, 21.11892, 0.4290151, -0.07648437, -0.07648437, 0.8967978, 29.14809, 36.43512, 0.3606718, -0.2283199, -0.2283199, 0.8750177, 0, 0, 0, 1, 0, 0, 0
Unnamed, 5, 531.1364, 234.4627, 186.2495, 125.8811, 0, 49.56156, 24.78078, -0.07460357, 0.3982582, 0.3982582, -0.8229308, 64.19555, 80.24443, 0.7033427, 0.06536058, 0.06536058, 0.7048157, 64.99291, 81.24114, 0.5753285, 0, 0, 0.8179225, 42.72089, 53.40112, 0.3530604, -0.04319588, -0.04319588, 0.9336041, 70.59333, 88.24166, 0.6752316, -0.1010207, -0.1010207, 0.723638, 0, 0, 0, 1, 0, 0, 0
Unnamed, 5, 238.5359, 145.3004, 134.1342, 18.66728, 0, 55.55546, 27.77773, -0.06038377, 0.06475725, 0.06475725, -0.9939652, 45.09746, 56.37183, 0.1479641, 0.1740454, 0.1740454, 0.9578742, 14.49202, 18.11502, 0.5730586, 0, 0, 0.8195144, 20.98721, 26.23401, 0.3083385, -0.08503385, -0.08503385, 0.943645, 66.95169, 83.68962, 0.2030084, -0.2520209, -0.2520209, 0.912008, 0, 0, 0, 1, 0, 0, 0
Unnamed, 5, 444.8851, 188.5154, 107.4103, 141.8848, 0, 19.30049, 9.650246, -0.03622969, 0.3181318, 0.3181318, -0.8923406, 51.96412, 64.95515, 0.6401876, 0.1814268, 0.1814268, 0.7241054, 45.76503, 57.20629, 0.5044448, 0, 0, 0.8634439, 10.30633, 12.88291, 0.6781984, -0.08931267, -0.08931267, 0.723943, 42.93766, 53.67208, 0.2825543, -0.3249027, -0.3249027, 0.8420449, 0, 0, 0, 1, 0, 0, 0
Unnamed, 5, 489.8609, 168.0403, 260.7581, 20.19969, 29.16223, 68.01466, 34.00733, -0.3766599, 0.1677447, 0.1677447, -0.8954612, 47.14779, 58.93473, -0.04292824, 0.2295872, 0.2295872, 0.9448475, 13.9089, 17.38613, -0.005193124, 0, 0, 0.9999865, 67.26462, 84.08076, 0.05885182, -0.1178661, -0.1178661, 0.9842519, 56.65411, 70.81764, -0.0499757, -0.3299237, -0.3299237, 0.8830647, 0, 0, 0, 1, 0, 0, 0
Unnamed, 5, 480.4618, 209.7227, 287.9393, 24.27641, 0, 88.24585, 44.12292, 0.003662348, 0.1812964, 0.1812964, -0.966566, 34.85857, 43.57321, 0.4417356, 0.1236812, 0.1236812, 0.8799294, 77.70092, 97.12615, 0.658577, 0, 0, 0.7525133, 55.19089, 68.98862, 0.2533351, -0.06732546, -0.06732546, 0.9626817, 66.74567, 83.43209, 0.3490793, -0.1907752, -0.1907752, 0.8974148, 0, 0, 0, 1, 0, 0, 0
Unnamed, 5, 665.3202, 170.792, 388.0416, 41.62887, 0, 70.79518, 35.39759, -0.1304121, -0.05626509, -0.05626509, -0.9882617, 24.25493, 30.31867, 0.2265411, 0.1668768, 0.1668768, 0.944978, 76.53157, 95.66447, 0.626066, 0, 0, 0.7797701, 41.10712, 51.3839, 0.1720596, -0.08565702, -0.08565702, 0.97761, 50.45069, 63.06337, 0.5179197, -0.2146292, -0.2146292, 0.7997673, 0, 0, 0, 1, 0, 0, 0
Unnamed, 5, 385.4234, 120.4633, 248.7464, 0, 6.151917, 2.852808, 1.426404, 0.07552698, 0.1407678, 0.1407678, -0.9770694, 11.49613, 14.37017, 0.3577807, 0.06245891, 0.06245891, 0.9296186, 1.782827, 2.228534, 0.34719, 0, 0, 0.9377948, 58.25382, 72.81727, 0.2566817, -0.0323953, -0.0323953, 0.9654096, 26.1176, 32.647, -0.0440959, -0.09986018, -0.09986018, 0.9889952, 0, 0, 0, 1, 0, 0, 0
Unnamed, 5, 676.2772, 178.4556, 365.2884, 64.1723, 0, 55.7131, 27.85655, -0.1962783, -0.1065558, -0.1065558, -0.9688997, 51.36554, 64.20692, 0.6710355, 0.1032016, 0.1032016, 0.7269183, 79.59116, 99.48895, 0.6167185, 0, 0, 0.7871838, 22.78012, 28.47515, 0.2889853, -0.06728314, -0.06728314, 0.952593, 2.92161, 3.652013, 0.2196434, -0.2004703, -0.2004703, 0.9334774, 0, 0, 0, 1, 0, 0, 0
Unnamed, 5, 321.075, 175.8082, 152.5918, 46.09363, 0, 30.11741, 15.05871, 0.0429661, 0.03145676, 0.03145676, -0.9980856, 57.1154, 71.39425, 0.1707459, 0.0309119, 0.0309119, 0.9843448, 73.56734, 91.95918, 0.3997224, 0, 0, 0.9166362, 33.75574, 42.19468, 0.6377273, -0.01208852, -0.01208852, 0.7700725, 39.88648, 49.8581, 0.6910639, -0.03398602, -0.03398602, 0.721194, 0, 0, 0, 1, 0, 0, 0
Unnamed, 5, 87.22192, 143.7224, 58.14795, 0, 0, 59.79717, 29.89859, 0.1195711, 0.1570411, 0.1570411, -0.9676668, 53.16204, 66.45255, 0.08038685, 0.03955741, 0.03955741, 0.9951926, 21.21095, 26.51369, 0.5252974, 0, 0, 0.8509188, 17.85781, 22.32226, 0.4672451, -0.01755751, -0.01755751, 0.8837791, 16.24377, 20.30472, 0.3745323, -0.05512358, -0.05512358, 0.9239309, 0, 0, 0, 1, 0, 0, 0
Unnamed, 5, 751.9663, 192.5504, 476.3531, 18.71834, 0, 53.86516, 26.93258, -0.2806108, 0.2848611, 0.2848611, -0.8711865, 54.69459, 68.36824, 0.1822236, 0.1777884, 0.1777884, 0.9505667, 4.738856, 5.92357, 0.02470529, 0, 0, 0.9996948, 77.57233, 96.96541, 0.4449958, -0.08232312, -0.08232312, 0.8879328, 72.14622, 90.18279, 0.1283991, -0.2618987, -0.2618987, 0.9199629, 0, 0, 0, 1, 0, 0, 0
Unnamed, 5, 246.1766, 146.8319, 89.69999, 34.01904, 21.79425, 12.28562, 6.142812, -0.1328734, 0.2692549, 0.2692549, -0.9150674, 35.02634, 43.78293, 0.251213, 0.235081, 0.235081, 0.9090467, 20.58124, 25.72655, 0.1770526, 0, 0, 0.9842014, 48.00234, 60.00293, -0.04992767, -0.1250425, -0.1250425, 0.9829731, 59.53267, 74.41583, -0.003751831, -0.347449, -0.347449, 0.8709445, 0, 0, 0, 1, 0, 0, 0
Unnamed, 5, 675.196, 161.017, 373.0026, 44.16122, 13.68488, 89.00626, 44.50313, -0.2299978, -0.1040818, -0.1040818, -0.9619953, 37.91783, 47.39729, 0.03889741, 0.2417544, 0.2417544, 0.9389338, 24.42641, 30.53302, 0.5245432, 0, 0, 0.8513839, 65.79732, 82.24665, 0.5441411, -0.1046125, -0.1046125, 0.8258469, 23.06194, 28.82742, 0.02629885, -0.3461198, -0.3461198, 0.8716138, 0, 0, 0, 1, 0, 0, 0
Unnamed, 5, 613.709, 205.8235, 336.3055, 34.35869, 20.26663, 79.87016, 39.93508, -0.3137226, 0.2419141, 0.2419141, -0.8857389, 54.60474, 68.25592, 0.3482769, 0.2187342, 0.2187342, 0.8848808, 66.82323, 83.52903, 0.4540431, 0, 0, 0.8909797, 18.32846, 22.91057, 0.2366645, -0.1165878, -0.1165878, 0.9574991, 75.09299, 93.86624, -0.07002772, -0.33418, -0.33418, 0.8784894, 0, 0, 0, 1, 0, 0, 0
Unnamed, 5, 582.668, 159.423, 273.6436, 86.1013, 0, 0.9751332, 0.4875666, 0.02208793, 0.1592032, 0.1592032, -0.9740744, 58.23066, 72.78833, 0.6954208, 0.1206249, 0.1206249, 0.6980611, 58.35219, 72.94024, 0.1547796, 0, 0, 0.987949, 10.60109, 13.25137, 0.1454895, -0.08423457, -0.08423457, 0.9821619, 34.93526, 43.66908, 0.2678237, -0.2370633, -0.2370633, 0.9032566, 0, 0, 0, 1, 0, 0, 0
Unnamed, 5, 509.6916, 150.0439, 332.1281, 0, 5.749725, 83.29869, 41.64935, -0.2020176, -0.1137627, -0.1137627, -0.9660771, 20.58617, 25.73271, -0.05004202, 0.0108799, 0.0108799, 0.9986286, 59.75514, 74.69392, 0.5019705, 0, 0, 0.8648847, 7.126647, 8.908308, 0.5203515, -0.00465156, -0.00465156, 0.8539269, 0.924759, 1.155949, 0.3240236, -0.01545722, -0.01545722, 0.9457965, 0, 0, 0, 1, 0, 0, 0
Unnamed, 5, 136.2938, 170.2176, 90.8625, 0, 0, 62.67029, 31.33515, -0.3859876, 0.1986968, 0.1986968, -0.8786653, 27.72067, 34.65084, 0.5538914, 0.0305901, 0.0305901, 0.8314644, 60.62411, 75.78014, 0.05656198, 0, 0, 0.9983991, 34.2332, 42.7915, 0.2930929, -0.01757558, -0.01757558, 0.9557608, 0.3822232, 0.477779, 0.5669364, -0.04534767, -0.04534767, 0.8212614, 0, 0, 0, 1, 0, 0, 0
Unnamed, 5, 519.2585, 191.043, 346.1723, 0, 0, 85.11207, 42.55603, -0.1375623, 0.03372331, 0.03372331, -0.9893443, 79.60441, 99.50551, 0.3998232, 0.01978312, 0.01978312, 0.9161652, 11.99031, 14.98789, 0.2183049, 0, 0, 0.9758806, 43.34956, 54.18695, 0.6565999, -0.008141396, -0.008141396, 0.7541512, 53.67319, 67.09149, 0.5642933, -0.02671761, -0.02671761, 0.8247093, 0, 0, 0, 1, 0, 0, 0
Unnamed, 5, 689.6016, 142.1493, 356.8717, 67.56959, 9.577423, 60.28036, 30.14018, -0.2450373, -0.08543904, -0.08543904, -0.9619548, 7.519685, 9.399607, 0.4673119, 0.2068899, 0.2068899, 0.8342738, 44.39479, 55.49349, -0.08348154, 0, 0, 0.9965093, 63.31312, 79.1414, 0.450581, -0.1074511, -0.1074511, 0.8797075, 9.678966, 12.09871, 0.3430395, -0.3155019, -0.3155019, 0.826584, 0, 0, 0, 1, 0, 0, 0
Unnamed, 5, 221.3943, 150.2111, 139.1217, 2.257202, 4.098694, 44.97368, 22.48684, -0.2341548, 0.1469251, 0.1469251, -0.9497355, 13.94531, 17.43164, 0.2826591, 0.03986003, 0.03986003, 0.9575627, 11.51364, 14.39206, 0.4835737, 0, 0, 0.8753037, 68.65376, 85.81719, -0.03534297, -0.02078227, -0.02078227, 0.998943, 25.44738, 31.80923, 0.569009, -0.05118385, -0.05118385, 0.8191393, 0, 0, 0, 1, 0, 0, 0
Unnamed, 5, 348.4051, 127.4615, 191.6627, 30.4555, 0, 29.13667, 14.56833, -0.1012247, 0.07247512, 0.07247512, -0.9895698, 48.30874, 60.38593, 0.3861437, 0.1744473, 0.1744473, 0.888836, 50.20857, 62.76072, 0.2267422, 0, 0, 0.9739549, 19.70823, 24.63528, 0.07118683, -0.09605524, -0.09605524, 0.9881697, 43.22624, 54.03279, 0.1520843, -0.2723255, -0.2723255, 0.9102461, 0, 0, 0, 1, 0, 0, 0
Unnamed, 5, 721.9819, 172.6638, 472.2536, 0, 6.800781, 43.34999, 21.675, 0.008560362, 0.1982013, 0.1982013, -0.9598746, 55.81272, 69.76589, 0.4992055, 0.002922405, 0.002922405, 0.8664738, 47.1012, 58.8765, 0.4298877, 0, 0, 0.9028824, 2.07448, 2.593101, -0.05931051, -0.0016834, -0.0016834, 0.9982368, 68.00853, 85.01066, 0.2344072, -0.004918077, -0.004918077, 0.9721137, 0, 0, 0, 1, 0, 0, 0
esgsdg, 5, 619.4633, 199.4958, 271.8759, 98.42933, 7.395386, 71.28564, 35.64282, -0.2328277, 0.3063452, 0.3063452, -0.8706874, 57.79333, 72.24166, 0.6761655, 0.07083935, 0.07083935, 0.7299068, 23.60066, 29.50082, 0.5747676, 0, 0, 0.8183167, 35.07322, 43.84152, 0.6928971, -0.0348257, -0.0348257, 0.7193525, 29.20653, 36.50816, -0.04488738, -0.1429824, -0.1429824, 0.9783135, 0, 0, 0, 1, 0, 0, 0
esgsdg, 5, 866.6432, 165.1731, 507.0024, 49.47215, 3.597687, 9.292718, 4.646359, -0.3846471, 0.2136528, 0.2136528, -0.8722107, 47.84685, 59.80856, 0.5888232, 0.1455273, 0.1455273, 0.7816207, 8.745976, 10.93247, 0.3574112, 0, 0, 0.9339471, 57.89198, 72.36498, 0.4793067, -0.08032562, -0.08032562, 0.8702647, 2.527991, 3.159988, 0.04063914, -0.2628065, -0.2628065, 0.9274772, 0, 0, 0, 1, 0, 0, 0
esgsdg, 5, 851.0227, 157.0118, 561.5098, 0, 4.378998, 71.0474, 35.5237, -0.07619256, 0.1429802, 0.1429802, -0.976375, 50.88274, 63.60343, 0.2863742, 0.08126944, 0.08126944, 0.9511995, 21.10069, 26.37587, -0.03820496, 0, 0, 0.99927, 69.73642, 87.17053, 0.5215544, -0.03631675, -0.03631675, 0.8516709, 15.58679, 19.48349, 0.08736403, -0.1259924, -0.1259924, 0.980112, 0, 0, 0, 1, 0, 0, 0
esgsdg, 5, 434.7515, 179.0051, 264.4283, 16.24961, 2.804901, 68.39121, 34.19561, 0.1109196, 0.1869761, 0.1869761, -0.9580067, 13.86929, 17.33661, 0.6198269, 0.05766801, 0.05766801, 0.7804893, 47.83821, 59.79777, 0.3047248, 0, 0, 0.9524404, 43.29304, 54.1163, -0.02314862, -0.03683323, -0.03683323, 0.9983741, 79.38821, 99.23528, 0.3739759, -0.1017745, -0.1017745, 0.916202, 0, 0, 0, 1, 0, 0, 0
esgsdg, 5, 126.2002, 193.5255, 84.13348, 0, 0, 9.441388, 4.720694, -0.05296208, 0.1106931, 0.1106931, -0.98625, 78.15877, 97.69846, 0.009501969, 0.002874508, 0.002874508, 0.9999466, 43.11535, 53.89419, 0.4321297, 0, 0, 0.9018115, 74.37196, 92.96496, 0.0863093, -0.001431961, -0.001431961, 0.9962664, 78.63731, 98.29665, 0.221156, -0.004205157, -0.004205157, 0.9752203, 0, 0, 0, 1, 0, 0, 0
